epoch;accuracy;loss;val_accuracy;val_loss
0;0.6599597334861755;0.9394617676734924;0.6339475512504578;0.8409562110900879
1;0.6901408433914185;0.870250940322876;0.6389085650444031;0.8168761134147644
2;0.6659959554672241;0.9379234910011292;0.6459957361221313;0.7924034595489502
3;0.6841046214103699;0.8824126124382019;0.6541460156440735;0.7715668082237244
4;0.668008029460907;0.866723895072937;0.6591070294380188;0.753645658493042
5;0.6841046214103699;0.8007173538208008;0.6619418859481812;0.7369139790534973
6;0.6740442514419556;0.7852073311805725;0.6700921058654785;0.7229769825935364
7;0.7022132873535156;0.8220109939575195;0.6750531792640686;0.7104963064193726
8;0.696177065372467;0.7865195274353027;0.6817859411239624;0.6996656060218811
9;0.7283702492713928;0.7274640798568726;0.6853295564651489;0.6901909112930298
10;0.7122736573219299;0.7314057946205139;0.6899362206459045;0.6797569990158081
11;0.6981891393661499;0.7271152138710022;0.6934797763824463;0.6707354187965393
12;0.7303823232650757;0.6991841793060303;0.6948972344398499;0.6621677875518799
13;0.6941649913787842;0.7403349280357361;0.6995038986206055;0.6531489491462708
14;0.72635817527771;0.6834542155265808;0.7034018635749817;0.6441097855567932
15;0.7404426336288452;0.6818328499794006;0.7087172269821167;0.6352958083152771
16;0.7223340272903442;0.6982681155204773;0.7133238911628723;0.6276384592056274
17;0.7082495093345642;0.6881816387176514;0.718993604183197;0.6205912232398987
18;0.7505030035972595;0.6485787034034729;0.7225372195243835;0.6133726239204407
19;0.7525150775909424;0.6306362748146057;0.7282069325447083;0.6065009236335754
20;0.7344064116477966;0.6745946407318115;0.7306874394416809;0.599766194820404
21;0.7323943376541138;0.6408373117446899;0.7345854043960571;0.5926697254180908
22;0.7464788556098938;0.6270816922187805;0.7363572120666504;0.5865432024002075
23;0.7283702492713928;0.6228948831558228;0.7437987327575684;0.5789746642112732
24;0.7424547076225281;0.6109110713005066;0.7466335892677307;0.5725691318511963
25;0.7625754475593567;0.5944960117340088;0.7498227953910828;0.5669682621955872
26;0.7706237435340881;0.5733253359794617;0.7508859038352966;0.5617675185203552
27;0.7665995955467224;0.5825822949409485;0.7562012672424316;0.5559206604957581
28;0.7826961874961853;0.5590212345123291;0.7586817741394043;0.55024653673172
29;0.7907444834709167;0.5387750864028931;0.7608079314231873;0.5457051396369934
30;0.7847082614898682;0.5490493774414062;0.7632884383201599;0.5411224365234375
31;0.7464788556098938;0.5862790942192078;0.7661232948303223;0.5360908508300781
32;0.7464788556098938;0.6008808016777039;0.7710843086242676;0.5310627222061157
33;0.7565392255783081;0.5965255498886108;0.7753366231918335;0.525611162185669
34;0.7786720395088196;0.550748348236084;0.7767540812492371;0.5212609767913818
35;0.7565392255783081;0.5615391135215759;0.7785258889198303;0.5165510177612305
36;0.7847082614898682;0.49548396468162537;0.7802976369857788;0.5120000243186951
37;0.7907444834709167;0.5010917782783508;0.7827781438827515;0.5081294178962708
38;0.8028169274330139;0.5033398866653442;0.7856130599975586;0.5033929347991943
39;0.7706237435340881;0.5414488911628723;0.7888022661209106;0.49937912821769714
40;0.7947686314582825;0.5265549421310425;0.7888022661209106;0.4962463080883026
41;0.8128772377967834;0.4938724935054779;0.7912827730178833;0.4934852719306946
42;0.8148893117904663;0.4786617159843445;0.7927002310752869;0.4897831678390503
43;0.8068410754203796;0.4752991199493408;0.793763279914856;0.4868465065956116
44;0.8128772377967834;0.49155256152153015;0.7969525456428528;0.4835340082645416
45;0.8229376077651978;0.44734346866607666;0.799078643321991;0.4805888831615448
46;0.7847082614898682;0.5032547116279602;0.7997874021530151;0.4787743389606476
47;0.8068410754203796;0.5066707134246826;0.8026222586631775;0.47532063722610474
48;0.8088530898094177;0.5108236074447632;0.8054571151733398;0.4726119637489319
49;0.7907444834709167;0.48837482929229736;0.8061658143997192;0.4699762761592865
50;0.8309859037399292;0.43270474672317505;0.8065202236175537;0.4667527973651886
51;0.800804853439331;0.48243391513824463;0.8072289228439331;0.46213993430137634
52;0.8169013857841492;0.4733046591281891;0.8097094297409058;0.4587201178073883
53;0.8128772377967834;0.48109757900238037;0.8118355870246887;0.45623642206192017
54;0.7987927794456482;0.4672967493534088;0.8128986358642578;0.45260828733444214
55;0.8329979777336121;0.42407485842704773;0.8139617443084717;0.4486614763736725
56;0.8229376077651978;0.442819207906723;0.8171509504318237;0.4448854625225067
57;0.8169013857841492;0.4420877993106842;0.8185684084892273;0.4424448013305664
58;0.8229376077651978;0.4773014783859253;0.8196314573287964;0.44136008620262146
59;0.8450704216957092;0.42668408155441284;0.8199858069419861;0.4389875829219818
60;0.8169013857841492;0.4320529103279114;0.8199858069419861;0.4380567669868469
61;0.8370221257209778;0.43534746766090393;0.8210489153862;0.4357624650001526
62;0.8390341997146606;0.4394945800304413;0.8224663138389587;0.4332313537597656
63;0.8209255337715149;0.4310298562049866;0.824238121509552;0.4300232231616974
64;0.8309859037399292;0.43035629391670227;0.8249468207359314;0.42826175689697266
65;0.8390341997146606;0.4211964011192322;0.8270729780197144;0.42626550793647766
66;0.8531187176704407;0.421388179063797;0.8281360864639282;0.4234197735786438
67;0.8350100517272949;0.4218261241912842;0.8302622437477112;0.4210929572582245
68;0.8410462737083435;0.41029390692710876;0.8327427506446838;0.41911885142326355
69;0.8370221257209778;0.39497846364974976;0.8334514498710632;0.4166690707206726
70;0.8350100517272949;0.4157736599445343;0.8352232575416565;0.4151654541492462
71;0.8068410754203796;0.4290454387664795;0.8373494148254395;0.4129863679409027
72;0.8410462737083435;0.416348934173584;0.8377037644386292;0.41113999485969543
73;0.8430583477020264;0.43049895763397217;0.8377037644386292;0.4092130959033966
74;0.8450704216957092;0.4117552638053894;0.8391211628913879;0.406636506319046
75;0.8390341997146606;0.3982725441455841;0.8398299217224121;0.4049571454524994
76;0.8470824956893921;0.40826451778411865;0.8405386209487915;0.4044201672077179
77;0.8450704216957092;0.3906796872615814;0.8398299217224121;0.40275487303733826
78;0.8551307916641235;0.3777812421321869;0.8408929705619812;0.4006872773170471
79;0.8712273836135864;0.35345572233200073;0.8405386209487915;0.39878082275390625
80;0.8651911616325378;0.3820471465587616;0.8419560790061951;0.3974715769290924
81;0.863179087638855;0.37877610325813293;0.8426647782325745;0.3957555294036865
82;0.8551307916641235;0.400566965341568;0.8437278270721436;0.3931262195110321
83;0.8531187176704407;0.37623924016952515;0.8447909355163574;0.3918425738811493
84;0.8571428656578064;0.37503543496131897;0.8454996347427368;0.3909052312374115
85;0.8511066436767578;0.3793400526046753;0.8451452851295471;0.389695942401886
86;0.863179087638855;0.38634124398231506;0.8465627431869507;0.38859763741493225
87;0.8370221257209778;0.38250532746315;0.8469170928001404;0.3858054280281067
88;0.8591549396514893;0.3962060511112213;0.8479801416397095;0.38454756140708923
89;0.8611670136451721;0.35458463430404663;0.8483344912528992;0.3841703236103058
90;0.8651911616325378;0.3542514741420746;0.849397599697113;0.3826254606246948
91;0.8531187176704407;0.36654749512672424;0.849397599697113;0.3823595941066742
92;0.8651911616325378;0.35168707370758057;0.8497519493103027;0.3811991512775421
93;0.8591549396514893;0.37173306941986084;0.8504606485366821;0.37942683696746826
94;0.8470824956893921;0.38964328169822693;0.851523756980896;0.37758347392082214
95;0.8853118419647217;0.3395407795906067;0.851523756980896;0.3776768147945404
96;0.8812877535820007;0.3390469551086426;0.8525868058204651;0.37593725323677063
97;0.8651911616325378;0.33285626769065857;0.8522324562072754;0.3748624920845032
98;0.8692153096199036;0.3586069941520691;0.853649914264679;0.37485578656196594
99;0.8732394576072693;0.3570185899734497;0.8540042638778687;0.37378573417663574
100;0.8812877535820007;0.34748974442481995;0.8550673127174377;0.37201932072639465
101;0.8692153096199036;0.3423154950141907;0.8550673127174377;0.36982524394989014
102;0.8752515316009521;0.32548293471336365;0.8557760715484619;0.36860376596450806
103;0.8873239159584045;0.338168740272522;0.8571934700012207;0.3680717945098877
104;0.8853118419647217;0.3319239020347595;0.8571934700012207;0.3658403158187866
105;0.8692153096199036;0.34493333101272583;0.8575478196144104;0.3646247982978821
106;0.877263605594635;0.3358066976070404;0.8610914349555969;0.36271145939826965
107;0.8712273836135864;0.3566293716430664;0.8607370853424072;0.3617697060108185
108;0.8853118419647217;0.3254464864730835;0.8607370853424072;0.3606230616569519
109;0.8651911616325378;0.3550637662410736;0.8610914349555969;0.35827749967575073
110;0.8873239159584045;0.30697721242904663;0.8614457845687866;0.3574317693710327
111;0.8812877535820007;0.3426736295223236;0.8614457845687866;0.35658279061317444
112;0.8792756795883179;0.30597636103630066;0.862154483795166;0.3553333580493927
113;0.8853118419647217;0.34418708086013794;0.8618001341819763;0.3547244966030121
114;0.8873239159584045;0.30555927753448486;0.8618001341819763;0.3545324504375458
115;0.8752515316009521;0.3288823664188385;0.8628632426261902;0.3531438410282135
116;0.8812877535820007;0.30991145968437195;0.8635719418525696;0.3512190282344818
117;0.8812877535820007;0.3047029972076416;0.8628632426261902;0.3504263460636139
118;0.8752515316009521;0.3405512869358063;0.8625088334083557;0.3500335216522217
119;0.877263605594635;0.3241298198699951;0.8632175922393799;0.349372535943985
120;0.8672032356262207;0.353323370218277;0.8628632426261902;0.34858670830726624
121;0.8893359899520874;0.31352755427360535;0.862154483795166;0.3488447964191437
122;0.8893359899520874;0.30081507563591003;0.862154483795166;0.3478764593601227
123;0.8792756795883179;0.32051417231559753;0.8632175922393799;0.3468494713306427
124;0.9014084339141846;0.30714401602745056;0.8632175922393799;0.3459324240684509
125;0.8832998275756836;0.3136763572692871;0.864280641078949;0.34425318241119385
126;0.9034205079078674;0.294139564037323;0.8649893403053284;0.3430210053920746
127;0.8812877535820007;0.3031198978424072;0.8656980991363525;0.34194907546043396
128;0.8933601379394531;0.31358155608177185;0.8664067983627319;0.3406044840812683
129;0.8732394576072693;0.32426056265830994;0.8674699068069458;0.33910489082336426
130;0.9014084339141846;0.2864527106285095;0.8681786060333252;0.3384176194667816
131;0.8933601379394531;0.29385316371917725;0.8688873052597046;0.3379566967487335
132;0.8913480639457703;0.3145213723182678;0.8688873052597046;0.3369463086128235
133;0.8812877535820007;0.3035854995250702;0.8703047633171082;0.33567699790000916
134;0.8913480639457703;0.29147282242774963;0.8703047633171082;0.33413901925086975
135;0.8913480639457703;0.3080832362174988;0.8706591129302979;0.333243191242218
136;0.9034205079078674;0.2909741997718811;0.8717221617698669;0.3317551016807556
137;0.8933601379394531;0.3082827627658844;0.8720765709877014;0.3297237157821655
138;0.8973842859268188;0.27288031578063965;0.8731396198272705;0.3289922773838043
139;0.8993963599205017;0.29101645946502686;0.8738483190536499;0.3283311128616333
140;0.9175050258636475;0.27827951312065125;0.8742026686668396;0.32811975479125977
141;0.9054325819015503;0.3148837983608246;0.8749114274978638;0.3277195990085602
142;0.895372211933136;0.3180694580078125;0.8742026686668396;0.32736629247665405
143;0.9054325819015503;0.27923235297203064;0.8749114274978638;0.327334463596344
144;0.9114688038825989;0.2689402401447296;0.8756201267242432;0.3257400095462799
145;0.895372211933136;0.29090672731399536;0.8770375847816467;0.32521605491638184
146;0.9014084339141846;0.29590389132499695;0.8770375847816467;0.3254252076148987
147;0.8893359899520874;0.30709171295166016;0.8781006336212158;0.32441139221191406
148;0.9134808778762817;0.2784324288368225;0.8788093328475952;0.32291772961616516
149;0.8873239159584045;0.28328555822372437;0.8791637420654297;0.3228437304496765
150;0.8993963599205017;0.27842649817466736;0.8784549832344055;0.3223823606967926
151;0.8893359899520874;0.3170069754123688;0.8795180916786194;0.3207877576351166
152;0.9014084339141846;0.275155633687973;0.8802267909049988;0.3205457031726837
153;0.9034205079078674;0.2831808924674988;0.8816442489624023;0.31905391812324524
154;0.9215291738510132;0.25527265667915344;0.8812898397445679;0.3188844621181488
155;0.9114688038825989;0.2958957254886627;0.881998598575592;0.3178119957447052
156;0.8812877535820007;0.2807442843914032;0.8823529481887817;0.31779178977012634
157;0.9134808778762817;0.2601838707923889;0.8823529481887817;0.316495805978775
158;0.9014084339141846;0.2839595377445221;0.8834159970283508;0.31590980291366577
159;0.9114688038825989;0.267428457736969;0.8830616474151611;0.31576016545295715
160;0.9054325819015503;0.25516700744628906;0.8834159970283508;0.316935658454895
161;0.9134808778762817;0.27751439809799194;0.8830616474151611;0.31706246733665466
162;0.9014084339141846;0.2767978012561798;0.8837703466415405;0.31618958711624146
163;0.9034205079078674;0.2581767141819;0.8830616474151611;0.31607210636138916
164;0.9134808778762817;0.24889451265335083;0.8848334550857544;0.3153582215309143
165;0.909456729888916;0.271713525056839;0.8851878046989441;0.3141672611236572
166;0.9175050258636475;0.2677551209926605;0.8848334550857544;0.31457245349884033
167;0.9134808778762817;0.2676627039909363;0.8855421543121338;0.3131205439567566
168;0.9134808778762817;0.2698324918746948;0.8855421543121338;0.3132438063621521
169;0.8973842859268188;0.2940598726272583;0.8858965039253235;0.3128524124622345
170;0.9114688038825989;0.2664903700351715;0.886250913143158;0.3119567036628723
171;0.9195170998573303;0.23947501182556152;0.8858965039253235;0.31201648712158203
172;0.895372211933136;0.2790050506591797;0.8866052627563477;0.3103470802307129
173;0.9114688038825989;0.270532488822937;0.8866052627563477;0.3096808195114136
174;0.9114688038825989;0.2568345069885254;0.8876683115959167;0.30855727195739746
175;0.9054325819015503;0.2631978392601013;0.8869596123695374;0.3076885938644409
176;0.8993963599205017;0.27322182059288025;0.886250913143158;0.307817667722702
177;0.9134808778762817;0.25595730543136597;0.8869596123695374;0.3075786530971527
178;0.909456729888916;0.2600785195827484;0.8887314200401306;0.3064320981502533
179;0.9195170998573303;0.26925182342529297;0.8880226612091064;0.30576029419898987
180;0.9215291738510132;0.24939775466918945;0.8883770108222961;0.304659366607666
181;0.9134808778762817;0.2481677532196045;0.8890857696533203;0.30447375774383545
182;0.9195170998573303;0.24325807392597198;0.8887314200401306;0.30471861362457275
183;0.9154929518699646;0.24762925505638123;0.8890857696533203;0.30320224165916443
184;0.9134808778762817;0.26399290561676025;0.8880226612091064;0.30290496349334717
185;0.8993963599205017;0.26635852456092834;0.88944011926651;0.3012302815914154
186;0.9195170998573303;0.25012463331222534;0.8897944688796997;0.3002941906452179
187;0.9175050258636475;0.24460509419441223;0.8905031681060791;0.2990995943546295
188;0.9295774698257446;0.235899418592453;0.8908575773239136;0.29791247844696045
189;0.9175050258636475;0.25569579005241394;0.8905031681060791;0.29820212721824646
190;0.9114688038825989;0.23930014669895172;0.8905031681060791;0.2983566224575043
191;0.909456729888916;0.2526386082172394;0.8897944688796997;0.29957085847854614
192;0.9154929518699646;0.2436542809009552;0.8897944688796997;0.29959166049957275
193;0.9275653958320618;0.24488665163516998;0.88944011926651;0.2986471652984619
194;0.9275653958320618;0.23067450523376465;0.88944011926651;0.2983334958553314
195;0.9295774698257446;0.24501758813858032;0.88944011926651;0.2972327470779419
196;0.9175050258636475;0.23680630326271057;0.8905031681060791;0.29732587933540344
197;0.9215291738510132;0.23320810496807098;0.88944011926651;0.2973422408103943
198;0.9154929518699646;0.23277811706066132;0.88944011926651;0.2968503534793854
199;0.9255533218383789;0.22978475689888;0.88944011926651;0.29593971371650696
200;0.9295774698257446;0.23902864754199982;0.8908575773239136;0.2943353056907654
201;0.9255533218383789;0.23652146756649017;0.8926293253898621;0.2922646701335907
202;0.9255533218383789;0.2387472242116928;0.8936924338340759;0.29090920090675354
203;0.9255533218383789;0.22558438777923584;0.8926293253898621;0.29187968373298645
204;0.9215291738510132;0.23153656721115112;0.8922749757766724;0.2928342819213867
205;0.9376257658004761;0.22377774119377136;0.8926293253898621;0.2924283742904663
206;0.9215291738510132;0.23061826825141907;0.8926293253898621;0.2921833097934723
207;0.9315895438194275;0.22893866896629333;0.8926293253898621;0.29220372438430786
208;0.9215291738510132;0.23402927815914154;0.8919206261634827;0.2922240197658539
209;0.9336016178131104;0.23355044424533844;0.8929836750030518;0.29172396659851074
210;0.9295774698257446;0.21498063206672668;0.8936924338340759;0.290947288274765
211;0.9275653958320618;0.2291930615901947;0.8936924338340759;0.2903158366680145
212;0.9074446558952332;0.2572276294231415;0.8936924338340759;0.2897666394710541
213;0.9074446558952332;0.2629639506340027;0.8929836750030518;0.29110997915267944
214;0.9255533218383789;0.22354045510292053;0.8940467834472656;0.2899932861328125
215;0.9215291738510132;0.227247416973114;0.8940467834472656;0.288737416267395
216;0.9175050258636475;0.24560263752937317;0.894755482673645;0.287165105342865
217;0.9396378397941589;0.2204897701740265;0.8951098322868347;0.28655797243118286
218;0.923541247844696;0.22804425656795502;0.8954641819000244;0.285709023475647
219;0.9195170998573303;0.2275686264038086;0.8958185911178589;0.28459662199020386
220;0.9376257658004761;0.2168933004140854;0.8951098322868347;0.28528231382369995
221;0.9175050258636475;0.23672175407409668;0.8958185911178589;0.28468576073646545
222;0.9295774698257446;0.21500732004642487;0.8958185911178589;0.2853577733039856
223;0.9315895438194275;0.23675145208835602;0.8954641819000244;0.2846791744232178
224;0.9295774698257446;0.2219046950340271;0.8958185911178589;0.28392770886421204
225;0.9336016178131104;0.23304416239261627;0.896881639957428;0.282498300075531
226;0.9376257658004761;0.2035418301820755;0.8975903391838074;0.28274452686309814
227;0.9195170998573303;0.22945863008499146;0.8975903391838074;0.2815907597541809
228;0.9396378397941589;0.21842734515666962;0.8986534476280212;0.2808963358402252
229;0.9315895438194275;0.20825035870075226;0.8993621468544006;0.2791738212108612
230;0.9396378397941589;0.21069256961345673;0.8986534476280212;0.2786934971809387
231;0.9154929518699646;0.23731984198093414;0.8979447484016418;0.28101566433906555
232;0.9275653958320618;0.2183884233236313;0.8982990980148315;0.28117361664772034
233;0.9336016178131104;0.22692637145519257;0.8986534476280212;0.28022828698158264
234;0.9154929518699646;0.24167409539222717;0.8993621468544006;0.2801757752895355
235;0.9275653958320618;0.21794097125530243;0.8993621468544006;0.28004172444343567
236;0.9175050258636475;0.24577541649341583;0.8997164964675903;0.2798026204109192
237;0.9396378397941589;0.21613486111164093;0.8997164964675903;0.2794497311115265
238;0.9114688038825989;0.226618692278862;0.9004252552986145;0.2789720296859741
239;0.923541247844696;0.2333212047815323;0.8993621468544006;0.27779296040534973
240;0.9376257658004761;0.21334443986415863;0.8997164964675903;0.27752718329429626
241;0.9336016178131104;0.21983835101127625;0.8997164964675903;0.27673545479774475
242;0.9356136918067932;0.23296649754047394;0.8993621468544006;0.2765484154224396
243;0.9255533218383789;0.21667969226837158;0.8997164964675903;0.2766602635383606
244;0.9356136918067932;0.21217690408229828;0.8997164964675903;0.2771369516849518
245;0.9315895438194275;0.2166466861963272;0.8997164964675903;0.2760036587715149
246;0.9456740617752075;0.20190291106700897;0.90007084608078;0.2748953104019165
247;0.9416499137878418;0.20614859461784363;0.9004252552986145;0.27458104491233826
248;0.9295774698257446;0.20869392156600952;0.9004252552986145;0.27373287081718445
249;0.9315895438194275;0.2021748125553131;0.9007796049118042;0.272795706987381
250;0.9255533218383789;0.22287434339523315;0.9014883041381836;0.271714985370636
251;0.9356136918067932;0.21112069487571716;0.9007796049118042;0.2715062201023102
252;0.9215291738510132;0.23204845190048218;0.9011339545249939;0.271138072013855
253;0.9356136918067932;0.20183366537094116;0.9011339545249939;0.27153024077415466
254;0.9396378397941589;0.19390739500522614;0.9011339545249939;0.27111291885375977
255;0.9376257658004761;0.20672930777072906;0.9007796049118042;0.2725203335285187
256;0.9356136918067932;0.2027096003293991;0.9014883041381836;0.272572785615921
257;0.9436619877815247;0.19874821603298187;0.9018426537513733;0.2719481289386749
258;0.9396378397941589;0.19954541325569153;0.9018426537513733;0.27282947301864624
259;0.9376257658004761;0.20136024057865143;0.9025513529777527;0.27366766333580017
260;0.9396378397941589;0.20087113976478577;0.9036144614219666;0.27357226610183716
261;0.9396378397941589;0.2165549099445343;0.9025513529777527;0.2719320058822632
262;0.9416499137878418;0.20358067750930786;0.902197003364563;0.27062875032424927
263;0.9336016178131104;0.21560156345367432;0.9018426537513733;0.2688588798046112
264;0.9456740617752075;0.20017319917678833;0.9025513529777527;0.2702925503253937
265;0.9517102837562561;0.1817781776189804;0.9032601118087769;0.2707141935825348
266;0.9396378397941589;0.2037583589553833;0.9036144614219666;0.2707805335521698
267;0.9376257658004761;0.18938301503658295;0.9036144614219666;0.2698446214199066
268;0.9396378397941589;0.20315520465373993;0.9039688110351562;0.2700779139995575
269;0.9356136918067932;0.2044139802455902;0.904323160648346;0.2703309655189514
270;0.9436619877815247;0.18765853345394135;0.9036144614219666;0.27165016531944275
271;0.9376257658004761;0.19432266056537628;0.9046775102615356;0.2700447142124176
272;0.9396378397941589;0.18966779112815857;0.9039688110351562;0.26860910654067993
273;0.9396378397941589;0.1989048272371292;0.9029057621955872;0.26668062806129456
274;0.9476861357688904;0.1968134194612503;0.9025513529777527;0.26587650179862976
275;0.9456740617752075;0.19021707773208618;0.9029057621955872;0.26521241664886475
276;0.9376257658004761;0.21061712503433228;0.9025513529777527;0.26529252529144287
277;0.9476861357688904;0.18081483244895935;0.9029057621955872;0.26523643732070923
278;0.9436619877815247;0.19474440813064575;0.904323160648346;0.26622357964515686
279;0.9396378397941589;0.19710348546504974;0.904323160648346;0.26651015877723694
280;0.9476861357688904;0.21185733377933502;0.9046775102615356;0.2659941613674164
281;0.9396378397941589;0.20714250206947327;0.9050319194793701;0.2658887207508087
282;0.9396378397941589;0.20561273396015167;0.9050319194793701;0.26571813225746155
283;0.9476861357688904;0.19457341730594635;0.9046775102615356;0.2648511528968811
284;0.9356136918067932;0.1964113563299179;0.9053862690925598;0.26547056436538696
285;0.9517102837562561;0.18053877353668213;0.9050319194793701;0.26491352915763855
286;0.9637826681137085;0.16073335707187653;0.9050319194793701;0.26390254497528076
287;0.9356136918067932;0.20356471836566925;0.9046775102615356;0.2619323432445526
288;0.9356136918067932;0.18073491752147675;0.9046775102615356;0.2610437870025635
289;0.9356136918067932;0.20292003452777863;0.904323160648346;0.2599280774593353
290;0.9456740617752075;0.18686680495738983;0.9046775102615356;0.25944918394088745
291;0.9436619877815247;0.1829150766134262;0.9057406187057495;0.26063916087150574
292;0.9456740617752075;0.18612520396709442;0.9060949683189392;0.2603580951690674
293;0.9557344317436218;0.16492171585559845;0.9060949683189392;0.2605339586734772
294;0.9416499137878418;0.18780352175235748;0.9060949683189392;0.2611406743526459
295;0.9496982097625732;0.1795904040336609;0.9060949683189392;0.261828750371933
296;0.9356136918067932;0.1921631395816803;0.9060949683189392;0.26171743869781494
297;0.9436619877815247;0.19011686742305756;0.9057406187057495;0.26215454936027527
298;0.9336016178131104;0.19873498380184174;0.9057406187057495;0.26164817810058594
299;0.9456740617752075;0.18708619475364685;0.9071580171585083;0.2606750726699829
300;0.953722357749939;0.1787867397069931;0.9068036675453186;0.2607082426548004
301;0.9517102837562561;0.18304304778575897;0.9071580171585083;0.26112088561058044
302;0.9597585797309875;0.1680905818939209;0.9068036675453186;0.2608020007610321
303;0.9476861357688904;0.18040291965007782;0.9075124263763428;0.25983184576034546
304;0.9496982097625732;0.18611140549182892;0.9071580171585083;0.2600129544734955
305;0.9557344317436218;0.15860992670059204;0.9071580171585083;0.2600003182888031
306;0.9436619877815247;0.18897485733032227;0.9060949683189392;0.26096510887145996
307;0.9617705941200256;0.16752249002456665;0.9060949683189392;0.2601877450942993
308;0.9416499137878418;0.19952821731567383;0.9064493179321289;0.2604553997516632
309;0.9617705941200256;0.16794268786907196;0.9060949683189392;0.2608843147754669
310;0.9456740617752075;0.18444077670574188;0.9064493179321289;0.26109811663627625
311;0.9496982097625732;0.17984360456466675;0.9060949683189392;0.26068881154060364
312;0.953722357749939;0.16941949725151062;0.9064493179321289;0.2609083652496338
313;0.9577465057373047;0.16484570503234863;0.9075124263763428;0.25922641158103943
314;0.9617705941200256;0.15933147072792053;0.9078667759895325;0.25840118527412415
315;0.953722357749939;0.17462050914764404;0.9078667759895325;0.2573905885219574
316;0.9295774698257446;0.18405090272426605;0.9082211256027222;0.2579207718372345
317;0.9617705941200256;0.1631462723016739;0.9092841744422913;0.25885009765625
318;0.953722357749939;0.17439137399196625;0.9082211256027222;0.2597710192203522
319;0.9517102837562561;0.16372358798980713;0.9085754752159119;0.2572837471961975
320;0.9416499137878418;0.17794916033744812;0.9092841744422913;0.25762706995010376
321;0.9436619877815247;0.16701026260852814;0.9092841744422913;0.25753340125083923
322;0.9517102837562561;0.17681922018527985;0.9089298248291016;0.2561723291873932
323;0.9436619877815247;0.18546174466609955;0.9092841744422913;0.25436893105506897
324;0.9496982097625732;0.16940626502037048;0.9089298248291016;0.254460871219635
325;0.9597585797309875;0.1683596521615982;0.9089298248291016;0.2548813223838806
326;0.9476861357688904;0.1807727813720703;0.9092841744422913;0.2553706467151642
327;0.9718309640884399;0.14668922126293182;0.9099929332733154;0.253767728805542
328;0.9597585797309875;0.16409553587436676;0.9103472828865051;0.25277993083000183
329;0.953722357749939;0.17625191807746887;0.9110559821128845;0.2522226870059967
330;0.9476861357688904;0.17747919261455536;0.9110559821128845;0.25302332639694214
331;0.9617705941200256;0.16170910000801086;0.9107016324996948;0.2529999017715454
332;0.9436619877815247;0.17489945888519287;0.9107016324996948;0.25317054986953735
333;0.9517102837562561;0.17738178372383118;0.9103472828865051;0.2541053593158722
334;0.9517102837562561;0.1635621339082718;0.9103472828865051;0.2538125216960907
335;0.953722357749939;0.1676701456308365;0.9107016324996948;0.25393158197402954
336;0.9517102837562561;0.17443083226680756;0.9107016324996948;0.2531212866306305
337;0.9557344317436218;0.166305810213089;0.9114103317260742;0.25098612904548645
338;0.9496982097625732;0.17018049955368042;0.9114103317260742;0.2510313391685486
339;0.9557344317436218;0.16418598592281342;0.9110559821128845;0.2514369785785675
340;0.9456740617752075;0.17699910700321198;0.9114103317260742;0.2502869963645935
341;0.9476861357688904;0.17371982336044312;0.9117646813392639;0.24943098425865173
342;0.9496982097625732;0.18308992683887482;0.9117646813392639;0.24921439588069916
343;0.9617705941200256;0.15952304005622864;0.9117646813392639;0.24933533370494843
344;0.9577465057373047;0.15212321281433105;0.9114103317260742;0.25009071826934814
345;0.953722357749939;0.1840461939573288;0.9110559821128845;0.25148385763168335
346;0.9657947421073914;0.15825557708740234;0.9110559821128845;0.25181499123573303
347;0.9577465057373047;0.17352844774723053;0.9110559821128845;0.2516261637210846
348;0.9436619877815247;0.171430766582489;0.9110559821128845;0.25127002596855164
349;0.953722357749939;0.17176097631454468;0.9110559821128845;0.2515691816806793
350;0.9657947421073914;0.15393732488155365;0.9110559821128845;0.25005558133125305
351;0.9496982097625732;0.16467951238155365;0.9124734401702881;0.24861249327659607
352;0.9637826681137085;0.1567421555519104;0.9128277897834778;0.24801577627658844
353;0.9396378397941589;0.18270625174045563;0.9128277897834778;0.24783137440681458
354;0.9637826681137085;0.14857465028762817;0.9128277897834778;0.24767418205738068
355;0.9496982097625732;0.17104379832744598;0.9128277897834778;0.2472320944070816
356;0.9456740617752075;0.1638612151145935;0.9128277897834778;0.2467910647392273
357;0.9496982097625732;0.1698429137468338;0.9131821393966675;0.24514374136924744
358;0.9557344317436218;0.14993418753147125;0.9131821393966675;0.24613915383815765
359;0.9637826681137085;0.1553327441215515;0.9124734401702881;0.24731408059597015
360;0.9597585797309875;0.1523640751838684;0.9124734401702881;0.2470630705356598
361;0.9496982097625732;0.1701042801141739;0.9131821393966675;0.24659320712089539
362;0.9577465057373047;0.15693220496177673;0.9128277897834778;0.24670247733592987
363;0.9496982097625732;0.17432036995887756;0.9124734401702881;0.2468728870153427
364;0.9637826681137085;0.16030344367027283;0.9128277897834778;0.24760185182094574
365;0.9597585797309875;0.15392296016216278;0.9131821393966675;0.24826882779598236
366;0.9617705941200256;0.16276828944683075;0.9128277897834778;0.24685701727867126
367;0.9577465057373047;0.16569733619689941;0.9128277897834778;0.2457428276538849
368;0.9557344317436218;0.15569527447223663;0.9131821393966675;0.24494194984436035
369;0.9718309640884399;0.14371314644813538;0.9135364890098572;0.2447979748249054
370;0.953722357749939;0.18157917261123657;0.9138908386230469;0.24391622841358185
371;0.9557344317436218;0.15482766926288605;0.9135364890098572;0.2451023906469345
372;0.9758551120758057;0.13220474123954773;0.9135364890098572;0.24465401470661163
373;0.9637826681137085;0.16182424128055573;0.9142451882362366;0.24449321627616882
374;0.9436619877815247;0.17396704852581024;0.9138908386230469;0.244394451379776
375;0.9496982097625732;0.1732080727815628;0.914599597454071;0.24330443143844604
376;0.9698188900947571;0.14434495568275452;0.9153082966804504;0.243034228682518
377;0.9597585797309875;0.1576136201620102;0.9160169959068298;0.24237003922462463
378;0.9617705941200256;0.1478947401046753;0.9156626462936401;0.2434355616569519
379;0.9597585797309875;0.15716207027435303;0.9156626462936401;0.24370336532592773
380;0.9678068161010742;0.14505122601985931;0.9149539470672607;0.2438829243183136
381;0.9738430380821228;0.1315668821334839;0.914599597454071;0.2435576170682907
382;0.9637826681137085;0.15107281506061554;0.9153082966804504;0.24357545375823975
383;0.9496982097625732;0.17005711793899536;0.9160169959068298;0.2434414178133011
384;0.953722357749939;0.16128785908222198;0.9156626462936401;0.24272626638412476
385;0.9738430380821228;0.13290563225746155;0.916725754737854;0.24218912422657013
386;0.9577465057373047;0.15547044575214386;0.916725754737854;0.24196459352970123
387;0.9758551120758057;0.14554421603679657;0.916725754737854;0.2423805296421051
388;0.9517102837562561;0.1689118891954422;0.916725754737854;0.24186810851097107
389;0.9678068161010742;0.1582782119512558;0.9163713455200195;0.24304212629795074
390;0.9738430380821228;0.13711439073085785;0.9174344539642334;0.24301879107952118
391;0.9456740617752075;0.16879655420780182;0.9174344539642334;0.24271337687969208
392;0.9617705941200256;0.15626053512096405;0.9177888035774231;0.2414228469133377
393;0.9617705941200256;0.15179786086082458;0.9177888035774231;0.2416120320558548
394;0.9617705941200256;0.16996467113494873;0.919914960861206;0.24274149537086487
395;0.9557344317436218;0.15658462047576904;0.919914960861206;0.2416009157896042
396;0.9416499137878418;0.16611801087856293;0.9188518524169922;0.24051354825496674
397;0.9597585797309875;0.15405826270580292;0.9181431531906128;0.23982839286327362
398;0.9678068161010742;0.1413445919752121;0.9192062616348267;0.23895445466041565
399;0.9718309640884399;0.135535329580307;0.9184975028038025;0.23899967968463898
400;0.9577465057373047;0.14369677007198334;0.9177888035774231;0.23906585574150085
401;0.9758551120758057;0.12767384946346283;0.9184975028038025;0.23951205611228943
402;0.9617705941200256;0.14749203622341156;0.9181431531906128;0.23856304585933685
403;0.9758551120758057;0.13918495178222656;0.9184975028038025;0.23868060111999512
404;0.9577465057373047;0.1513022780418396;0.9184975028038025;0.23876430094242096
405;0.9738430380821228;0.12693636119365692;0.9184975028038025;0.23826368153095245
406;0.9657947421073914;0.14399577677249908;0.919914960861206;0.23772619664669037
407;0.9678068161010742;0.13713733851909637;0.919914960861206;0.23726169764995575
408;0.9758551120758057;0.1459617018699646;0.9202693104743958;0.23762130737304688
409;0.9758551120758057;0.13741689920425415;0.9192062616348267;0.2368447184562683
410;0.9698188900947571;0.13657280802726746;0.9195606112480164;0.2363889068365097
411;0.9617705941200256;0.14635524153709412;0.919914960861206;0.23612241446971893
412;0.9678068161010742;0.13713982701301575;0.9195606112480164;0.2355373650789261
413;0.9597585797309875;0.13941310346126556;0.9195606112480164;0.23426374793052673
414;0.9637826681137085;0.14193680882453918;0.9195606112480164;0.23510684072971344
415;0.9698188900947571;0.13476060330867767;0.919914960861206;0.23566009104251862
416;0.9798792600631714;0.1252192258834839;0.9202693104743958;0.2358642816543579
417;0.9657947421073914;0.1461327075958252;0.9209780097007751;0.2351483255624771
418;0.9718309640884399;0.13851624727249146;0.9206236600875854;0.2358352094888687
419;0.9637826681137085;0.1538788378238678;0.9202693104743958;0.23602063953876495
420;0.9617705941200256;0.14339663088321686;0.9202693104743958;0.23558694124221802
421;0.9637826681137085;0.14798960089683533;0.9209780097007751;0.23513922095298767
422;0.9657947421073914;0.1424446403980255;0.9213323593139648;0.2349591851234436
423;0.9698188900947571;0.1395537406206131;0.9213323593139648;0.23575538396835327
424;0.9698188900947571;0.13844723999500275;0.9202693104743958;0.2377886027097702
425;0.9718309640884399;0.13202939927577972;0.9202693104743958;0.2394505888223648
426;0.9758551120758057;0.1259678453207016;0.9202693104743958;0.2395867109298706
427;0.9718309640884399;0.14571096003055573;0.9195606112480164;0.23816365003585815
428;0.9577465057373047;0.15434251725673676;0.919914960861206;0.23784613609313965
429;0.9778671860694885;0.1344638615846634;0.9202693104743958;0.23693180084228516
430;0.9637826681137085;0.13943223655223846;0.9202693104743958;0.23680204153060913
431;0.9678068161010742;0.14009514451026917;0.9209780097007751;0.23608776926994324
432;0.9617705941200256;0.1492622196674347;0.9202693104743958;0.23693841695785522
433;0.9818913340568542;0.1267465502023697;0.9206236600875854;0.23744893074035645
434;0.9657947421073914;0.13850435614585876;0.9202693104743958;0.23618818819522858
435;0.9637826681137085;0.13511064648628235;0.9209780097007751;0.23476089537143707
436;0.9718309640884399;0.13464540243148804;0.9213323593139648;0.23426978290081024
437;0.9657947421073914;0.1358104944229126;0.9216867685317993;0.23436196148395538
438;0.9718309640884399;0.12646782398223877;0.919914960861206;0.2356845885515213
439;0.9698188900947571;0.13813599944114685;0.9206236600875854;0.23568561673164368
440;0.9617705941200256;0.14648576080799103;0.922041118144989;0.23363333940505981
441;0.9718309640884399;0.12655885517597198;0.9213323593139648;0.23293939232826233
442;0.9718309640884399;0.12591052055358887;0.9213323593139648;0.23279130458831787
443;0.9778671860694885;0.12845677137374878;0.9223954677581787;0.23327729105949402
444;0.9678068161010742;0.13364185392856598;0.9216867685317993;0.23230737447738647
445;0.9818913340568542;0.11912855505943298;0.922041118144989;0.23237530887126923
446;0.98591548204422;0.11853747814893723;0.9216867685317993;0.2311192899942398
447;0.9798792600631714;0.12332136929035187;0.9202693104743958;0.2301977425813675
448;0.9718309640884399;0.12972889840602875;0.9202693104743958;0.23023949563503265
449;0.9718309640884399;0.13073021173477173;0.9216867685317993;0.2312970757484436
450;0.953722357749939;0.15266333520412445;0.9216867685317993;0.23081164062023163
451;0.9617705941200256;0.1500997096300125;0.9216867685317993;0.2312682420015335
452;0.9698188900947571;0.13415324687957764;0.9216867685317993;0.2310737818479538
453;0.9738430380821228;0.13751843571662903;0.9223954677581787;0.231500506401062
454;0.9758551120758057;0.12846796214580536;0.9227498173713684;0.23226891458034515
455;0.9718309640884399;0.13334210216999054;0.9223954677581787;0.23210889101028442
456;0.9577465057373047;0.15258359909057617;0.9227498173713684;0.2324407398700714
457;0.9758551120758057;0.1296420395374298;0.9227498173713684;0.23174124956130981
458;0.9698188900947571;0.14264045655727386;0.9223954677581787;0.23261773586273193
459;0.9698188900947571;0.13107451796531677;0.9213323593139648;0.23361244797706604
460;0.9657947421073914;0.12434215098619461;0.922041118144989;0.2326173037290573
461;0.9758551120758057;0.12665721774101257;0.9223954677581787;0.23192687332630157
462;0.9738430380821228;0.13960351049900055;0.9223954677581787;0.2313905954360962
463;0.9718309640884399;0.1290736198425293;0.9227498173713684;0.23116271197795868
464;0.9657947421073914;0.13737700879573822;0.9227498173713684;0.23096273839473724
465;0.9617705941200256;0.14262837171554565;0.9227498173713684;0.23162512481212616
466;0.9718309640884399;0.1405448019504547;0.9231041669845581;0.2307295948266983
467;0.9798792600631714;0.12050702422857285;0.922041118144989;0.2309838980436325
468;0.9678068161010742;0.13130682706832886;0.922041118144989;0.2308032363653183
469;0.9617705941200256;0.13583165407180786;0.9223954677581787;0.2304810732603073
470;0.9637826681137085;0.13045011460781097;0.9234585165977478;0.2294776290655136
471;0.9657947421073914;0.13277322053909302;0.9234585165977478;0.22841113805770874
472;0.9738430380821228;0.1305675357580185;0.9231041669845581;0.22840003669261932
473;0.9557344317436218;0.14495587348937988;0.9234585165977478;0.2278534471988678
474;0.9678068161010742;0.12832877039909363;0.9238129258155823;0.2280099093914032
475;0.9778671860694885;0.1275566965341568;0.924167275428772;0.2290235161781311
476;0.9738430380821228;0.13476206362247467;0.9238129258155823;0.2287743240594864
477;0.9798792600631714;0.11245772987604141;0.9238129258155823;0.2286033034324646
478;0.9798792600631714;0.11987869441509247;0.924167275428772;0.2290741354227066
479;0.9839034080505371;0.1178554967045784;0.9238129258155823;0.22913186252117157
480;0.9839034080505371;0.11631092429161072;0.9227498173713684;0.22942641377449036
481;0.9839034080505371;0.11177773028612137;0.922041118144989;0.22978661954402924
482;0.9818913340568542;0.12022854387760162;0.9227498173713684;0.2294251024723053
483;0.9778671860694885;0.11879510432481766;0.9231041669845581;0.22908128798007965
484;0.9798792600631714;0.12067973613739014;0.9245216250419617;0.22841423749923706
485;0.9778671860694885;0.12368764728307724;0.9234585165977478;0.22865469753742218
486;0.9839034080505371;0.11298085749149323;0.924167275428772;0.22803229093551636
487;0.9637826681137085;0.14166855812072754;0.924167275428772;0.2282039225101471
488;0.9798792600631714;0.11665850132703781;0.9234585165977478;0.23001068830490112
489;0.9758551120758057;0.1272701621055603;0.9231041669845581;0.2291819304227829
490;0.9738430380821228;0.12361074239015579;0.924167275428772;0.22781069576740265
491;0.9778671860694885;0.11580429971218109;0.9248759746551514;0.22706851363182068
492;0.9698188900947571;0.12744523584842682;0.9248759746551514;0.22735470533370972
493;0.9718309640884399;0.13418982923030853;0.9248759746551514;0.2275920808315277
494;0.9698188900947571;0.12415512651205063;0.9255846738815308;0.22616571187973022
495;0.9839034080505371;0.11817192286252975;0.9255846738815308;0.22539757192134857
496;0.9778671860694885;0.1184876561164856;0.9245216250419617;0.2249961942434311
497;0.9818913340568542;0.11404929310083389;0.9255846738815308;0.22656555473804474
498;0.9778671860694885;0.11432772874832153;0.9248759746551514;0.22659757733345032
499;0.9718309640884399;0.12364077568054199;0.9252303242683411;0.22513966262340546
